time,inclusion,skipping,full_IR,first_IR,second_IR
100000000,0.806511248156372,0.0278620804226973,0.105329908102238,0.0216818749088316,0.0386148884098608
