time,inclusion,skipping,full_IR,first_IR,second_IR
100000000,0.515056123928261,0.362972451743322,0.0929734720865412,0.0200755053982218,0.00892244684365412
