time,inclusion,skipping,full_IR,first_IR,second_IR
100000000,0.451502131700462,0.0736479986247762,0.413538498499991,0.0533593051805965,0.00795206599417394
