time,inclusion,skipping,full_IR,first_IR,second_IR
100000000,0.422926089449006,0.290045291554665,0.229392549959104,0.0431062812098619,0.0145297878273634
