time,inclusion,skipping,full_IR,first_IR,second_IR
100000000,0.0612510627371256,0.812336545722717,0.121179832812874,0.00287305484987227,0.00235950387741093
