time,inclusion,skipping,full_IR,first_IR,second_IR
100000000,0.57502672047782,0.0620251320231044,0.313969944684281,0.0276812942390752,0.0212969085757196
