time,inclusion,skipping,full_IR,first_IR,second_IR
100000000,0.806565040814514,0.0527025990488725,0.101534682244273,0.0135937361226615,0.0256039417696786
