time,inclusion,skipping,full_IR,first_IR,second_IR
100000000,0.464946788772035,0.255901137002593,0.226392111190034,0.0395745979990152,0.0131853650363222
