time,inclusion,skipping,full_IR,first_IR,second_IR
100000000,0.0231322221953051,0.872561310432262,0.100379934914444,0.00190371213772943,0.0020228203202597
