time,inclusion,skipping,full_IR,first_IR,second_IR
100000000,0.40614904300192,0.269413960310648,0.268156127020676,0.0418751958962677,0.0144056737704884
