time,inclusion,skipping,full_IR,first_IR,second_IR
100000000,0.488606389899876,0.135143617894713,0.281282802227382,0.0449020272166251,0.0500651627614045
