time,inclusion,skipping,full_IR,first_IR,second_IR
100000000,0.552800233798736,0.264955092531612,0.147223228398314,0.0165778944942044,0.0184435507771338
