time,inclusion,skipping,full_IR,first_IR,second_IR
100000000,0.734589714591615,0.0446404581735784,0.169723847440294,0.0276734879853051,0.0233724918092074
