time,inclusion,skipping,full_IR,first_IR,second_IR
100000000,0.734544153352566,0.0681399613060522,0.144840503708675,0.0369846619131468,0.0154907197195599
