time,inclusion,skipping,full_IR,first_IR,second_IR
100000000,0.711269696638855,0.0904634749345189,0.13444170876473,0.0455128447135002,0.0183122749483956
