time,inclusion,skipping,full_IR,first_IR,second_IR
100000000,0.791020623749635,0.0192716734950251,0.117383865224724,0.0373941842371986,0.0349296532934168
