time,inclusion,skipping,full_IR,first_IR,second_IR
100000000,0.492825963552371,0.214364968737541,0.239641766934218,0.0338957382298308,0.0192715625460386
