time,inclusion,skipping,full_IR,first_IR,second_IR
100000000,0.417380040607572,0.218740137243311,0.286529080675422,0.0585263049680022,0.0188244365056928
