time,inclusion,skipping,full_IR,first_IR,second_IR
100000000,0.176526798846735,0.477611603270938,0.325498805781107,0.0138625873339923,0.00650020476722739
