time,inclusion,skipping,full_IR,first_IR,second_IR
100000000,0.772953345182499,0.0229632760736821,0.132850878756551,0.0432233126397327,0.0280091873475354
