time,inclusion,skipping,full_IR,first_IR,second_IR
100000000,0.267162541153518,0.554870853282355,0.16885463474017,0.00629836514595579,0.00281360567800137
