time,inclusion,skipping,full_IR,first_IR,second_IR
100000000,0.725002438984732,0.0734469764719273,0.143930586494529,0.0365644461065674,0.0210555519422448
