time,inclusion,skipping,full_IR,first_IR,second_IR
100000000,0.151318672409529,0.517278359487165,0.30093685827671,0.0197839345584636,0.0106821752681319
