time,inclusion,skipping,full_IR,first_IR,second_IR
100000000,0.719697531472431,0.0513788139974991,0.155487473499974,0.044769933555661,0.0286662474744345
