time,inclusion,skipping,full_IR,first_IR,second_IR
100000000,0.465574405414083,0.191394747973032,0.24126709100082,0.0856968134169771,0.0160669421950884
