time,inclusion,skipping,full_IR,first_IR,second_IR
100000000,0.511527941826111,0.23997877902089,0.201748642097535,0.0308717206433549,0.0158729164121089
