time,inclusion,skipping,full_IR,first_IR,second_IR
100000000,0.482880112220663,0.159988058151079,0.283027953946178,0.0527567983166901,0.0213470773653909
