time,inclusion,skipping,full_IR,first_IR,second_IR
100000000,0.465834072571275,0.0697998904782785,0.410089132899153,0.0208364064751182,0.0334404975761752
