time,inclusion,skipping,full_IR,first_IR,second_IR
100000000,0.363799963261195,0.299976382196617,0.295206393359562,0.0125991897276686,0.0284180714549576
