time,inclusion,skipping,full_IR,first_IR,second_IR
100000000,0.775430559528592,0.0165728112126717,0.144034128755294,0.0360495821168957,0.0279129183865468
