time,inclusion,skipping,full_IR,first_IR,second_IR
100000000,0.463266009683922,0.224888734288474,0.2514278970237,0.0425817164994187,0.0178356425044853
