time,inclusion,skipping,full_IR,first_IR,second_IR
100000000,0.712216686505258,0.0802624420692674,0.159310026056047,0.0268956081039624,0.0213152372654649
