time,inclusion,skipping,full_IR,first_IR,second_IR
100000000,0.52374235769901,0.260405326533738,0.165972978231084,0.0369024310485423,0.0129769064876254
