time,inclusion,skipping,full_IR,first_IR,second_IR
100000000,0.152270328222057,0.561503678012283,0.259859159293772,0.0162427467449436,0.010124087726945
