time,inclusion,skipping,full_IR,first_IR,second_IR
100000000,0.0894992671902391,0.606779824536195,0.292659996797806,0.00764934334497892,0.00341156813078088
