time,inclusion,skipping,full_IR,first_IR,second_IR
100000000,0.744017001406562,0.0402352311013706,0.147536676916032,0.0385025841483759,0.0297085064276602
