time,inclusion,skipping,full_IR,first_IR,second_IR
100000000,0.397728888347921,0.312140791738734,0.249680107111697,0.0291140884817081,0.0113361243199399
