time,inclusion,skipping,full_IR,first_IR,second_IR
100000000,0.00920399623730903,0.882954158422265,0.106163231048688,0.000684217781958546,0.000994396509779753
