time,inclusion,skipping,full_IR,first_IR,second_IR
100000000,0.727412581554966,0.0415898404500373,0.167895715880732,0.0387214346932042,0.0243804274210601
