time,inclusion,skipping,full_IR,first_IR,second_IR
100000000,0.742911168926737,0.101976520909269,0.114429992860734,0.0278232765153693,0.0128590407878906
