time,inclusion,skipping,full_IR,first_IR,second_IR
100000000,0.402285734458584,0.171296142472672,0.190955493903047,0.164302089909293,0.0711605392564043
