time,inclusion,skipping,full_IR,first_IR,second_IR
100000000,0.720628568258905,0.038786293776977,0.177500272209747,0.0413039771384901,0.0217808886158802
