time,inclusion,skipping,full_IR,first_IR,second_IR
100000000,0.709527693424807,0.0652129254288103,0.158026730343272,0.0480086484111697,0.0192240023919406
