time,inclusion,skipping,full_IR,first_IR,second_IR
100000000,0.446067801905952,0.259609436025621,0.24258917877415,0.0357694110295266,0.0159641722647503
