time,inclusion,skipping,full_IR,first_IR,second_IR
100000000,0.0514426176089313,0.705401606405382,0.238630234302027,0.00103221210137132,0.00349332958228805
