time,inclusion,skipping,full_IR,first_IR,second_IR
100000000,0.759759455107762,0.110530317716531,0.0764022326840925,0.0450112648695776,0.00829672962203676
