time,inclusion,skipping,full_IR,first_IR,second_IR
100000000,0.4582948015229,0.266543160731237,0.228033805922161,0.0320002857988589,0.0151279460248441
