time,inclusion,skipping,full_IR,first_IR,second_IR
100000000,0.536589938107174,0.259357245875071,0.168393638776092,0.0138097297014006,0.0218494475402616
