time,inclusion,skipping,full_IR,first_IR,second_IR
100000000,0.449796271544585,0.312380148206051,0.187678895947481,0.0186631776622904,0.0314815066395934
