time,inclusion,skipping,full_IR,first_IR,second_IR
100000000,0.0331164284128367,0.0148397525736738,0.80414862055905,0.147289391751987,0.000605806702452462
