time,inclusion,skipping,full_IR,first_IR,second_IR
100000000,0.409748903480053,0.0259870694257802,0.442414822008168,0.0106811217242915,0.111168083361708
