time,inclusion,skipping,full_IR,first_IR,second_IR
100000000,0.833763036728243,0.00990462104212782,0.0860730512655567,0.0356746680984485,0.0345846228656236
