time,inclusion,skipping,full_IR,first_IR,second_IR
100000000,0.714264585061841,0.0714723494437877,0.147372718496074,0.040181416095056,0.026708930903241
