time,inclusion,skipping,full_IR,first_IR,second_IR
100000000,0.735356499726896,0.0392155273139624,0.178635452060847,0.00369070625038635,0.0431018146479085
