time,inclusion,skipping,full_IR,first_IR,second_IR
100000000,0.404312016242755,0.258083505409337,0.279023401319876,0.0341518762638817,0.0244292007641496
