time,inclusion,skipping,full_IR,first_IR,second_IR
100000000,0.369477300242444,0.377382368993655,0.217643641199151,0.0260889017308714,0.0094077878338786
