time,inclusion,skipping,full_IR,first_IR,second_IR
100000000,0.772741936980069,0.0312595018970296,0.131838660236384,0.0354689389105969,0.0286909619759204
