time,inclusion,skipping,full_IR,first_IR,second_IR
100000000,0.712526600585035,0.0419691905999912,0.169228016198778,0.0483512975188377,0.0279248950973584
