time,inclusion,skipping,full_IR,first_IR,second_IR
100000000,0.775599084305793,0.0285926023684197,0.122909105675375,0.0412031937627215,0.0316960138876904
