time,inclusion,skipping,full_IR,first_IR,second_IR
100000000,0.142152530470722,0.423284525224363,0.391586209631054,0.0370719725703506,0.0059047621035102
