time,inclusion,skipping,full_IR,first_IR,second_IR
100000000,0.512598088961299,0.104077981684258,0.314617879302064,0.0406077803503605,0.0280982697020185
