time,inclusion,skipping,full_IR,first_IR,second_IR
100000000,0.47937634827529,0.243107498188557,0.203411387714758,0.0651140307208358,0.00899073510055956
