time,inclusion,skipping,full_IR,first_IR,second_IR
100000000,0.0720506610911388,0.748516618783312,0.120746278385303,0.0571962916723074,0.00149015006793921
