time,inclusion,skipping,full_IR,first_IR,second_IR
100000000,0.723977281409979,0.0330417950742429,0.152222703308458,0.0557369533657642,0.0350212668415557
