time,inclusion,skipping,full_IR,first_IR,second_IR
100000000,0.371965314371747,0.319789586947272,0.272745311426047,0.022652235459693,0.0128475517952411
