time,inclusion,skipping,full_IR,first_IR,second_IR
100000000,0.793340956784051,0.0144650878746147,0.1257828382189,0.0417240474785232,0.0246870696439111
