time,inclusion,skipping,full_IR,first_IR,second_IR
100000000,0.744568045268661,0.0370785534841747,0.150731916519646,0.0401050008536655,0.0275164838738526
