time,inclusion,skipping,full_IR,first_IR,second_IR
100000000,0.532473137329224,0.0793406697539511,0.328242678686201,0.0283160154254355,0.031627498805188
