time,inclusion,skipping,full_IR,first_IR,second_IR
100000000,0.467203422938174,0.22816713214636,0.255381069938324,0.0356195867205293,0.0136287882566123
