time,inclusion,skipping,full_IR,first_IR,second_IR
100000000,0.782115009647917,0.0168276677553053,0.146084444075491,0.0197898718133022,0.035183006707985
