time,inclusion,skipping,full_IR,first_IR,second_IR
100000000,0.717473645640132,0.143816271874479,0.0975692850511442,0.0125858665288822,0.0285549309053631
