time,inclusion,skipping,full_IR,first_IR,second_IR
100000000,0.499125012060919,0.0758644505045273,0.358061518304666,0.0307530583951614,0.0361959607347258
