time,inclusion,skipping,full_IR,first_IR,second_IR
100000000,0.707154223685439,0.0400224083268043,0.188993127301217,0.0385559213597632,0.0252743193267759
