time,inclusion,skipping,full_IR,first_IR,second_IR
100000000,0.49186241566623,0.17765858429696,0.221263415839762,0.0622894613681659,0.046926122828882
