time,inclusion,skipping,full_IR,first_IR,second_IR
100000000,0.708599767902107,0.0585041831715759,0.172827195259242,0.032119123172127,0.0279497304949482
