time,inclusion,skipping,full_IR,first_IR,second_IR
100000000,0.0589240764590462,0.676218736927146,0.26041280155574,0.0020978237519696,0.00234656130609828
