time,inclusion,skipping,full_IR,first_IR,second_IR
100000000,0.481129041838288,0.0657518786982551,0.404332322212368,0.0386001060960148,0.0101866511550743
