time,inclusion,skipping,full_IR,first_IR,second_IR
100000000,0.406035957785505,0.299932164982289,0.263959746345114,0.0105557140811491,0.0195164168059427
