time,inclusion,skipping,full_IR,first_IR,second_IR
100000000,0.796145683639568,0.0146803746408632,0.112171725097881,0.0489790308203757,0.0280231858013123
