time,inclusion,skipping,full_IR,first_IR,second_IR
100000000,0.143988659573207,0.0121632306151338,0.680597401788468,0.00145874377246008,0.161791964250731
