time,inclusion,skipping,full_IR,first_IR,second_IR
100000000,0.393029707619683,0.321921109216282,0.233356400813953,0.0383115839944638,0.0133811983556182
