time,inclusion,skipping,full_IR,first_IR,second_IR
100000000,0.477172666627606,0.170980054070794,0.286416177713793,0.0374007097838005,0.0280303918040059
