time,inclusion,skipping,full_IR,first_IR,second_IR
100000000,0.743398256621067,0.0490448638868746,0.117650109889216,0.0758911908614481,0.0140155787413947
