time,inclusion,skipping,full_IR,first_IR,second_IR
100000000,0.740176636503499,0.0404814388989065,0.129425217952323,0.0606120448642657,0.0293046617810055
