time,inclusion,skipping,full_IR,first_IR,second_IR
100000000,0.111425310072942,0.637974431800526,0.231694457737477,0.0139100368959352,0.00499576349311904
