time,inclusion,skipping,full_IR,first_IR,second_IR
100000000,0.366768725663152,0.322026514741912,0.266035157316065,0.0337793651333101,0.0113902371455613
