time,inclusion,skipping,full_IR,first_IR,second_IR
100000000,0.510686852886792,0.224940306315359,0.213664544800046,0.037044787096841,0.0136635089009629
