time,inclusion,skipping,full_IR,first_IR,second_IR
100000000,0.497541085115812,0.201106997851712,0.223176334645778,0.0565893289746658,0.0215862534120323
