time,inclusion,skipping,full_IR,first_IR,second_IR
100000000,0.429900635329798,0.301745450182158,0.226578549395806,0.0302997076779534,0.0114756574142843
