time,inclusion,skipping,full_IR,first_IR,second_IR
100000000,0.483238656687171,0.215294589693638,0.264480135529818,0.021963461277269,0.0150231568121048
