time,inclusion,skipping,full_IR,first_IR,second_IR
100000000,0.0954218798443025,0.585772158000612,0.308144247814045,0.00814950090487065,0.00251221343617031
