time,inclusion,skipping,full_IR,first_IR,second_IR
100000000,0.511182655716972,0.0999697752121667,0.322720272167509,0.0332204459858284,0.0329068509175235
