time,inclusion,skipping,full_IR,first_IR,second_IR
100000000,0.824500652566373,0.0130108268304512,0.104129140303289,0.0323468392803443,0.0260125410195426
