time,inclusion,skipping,full_IR,first_IR,second_IR
100000000,0.511247083770894,0.0477452212287315,0.356169455927255,0.0218234095549121,0.0630148295182076
