time,inclusion,skipping,full_IR,first_IR,second_IR
100000000,0.405083462604792,0.264994801637072,0.285262228529936,0.0319369265298039,0.0127225806983959
