time,inclusion,skipping,full_IR,first_IR,second_IR
100000000,0.731370025948268,0.013546030036717,0.131982279330719,0.0718084593989209,0.0512932052853752
