time,inclusion,skipping,full_IR,first_IR,second_IR
100000000,0.43336203996086,0.26861892312077,0.25345585610057,0.0284555731499402,0.0161076076678592
