time,inclusion,skipping,full_IR,first_IR,second_IR
100000000,0.426712662178948,0.223546834429535,0.302549478279573,0.0265825794055505,0.0206084457063937
