time,inclusion,skipping,full_IR,first_IR,second_IR
100000000,0.724351186291918,0.0362074009662621,0.160596376313982,0.0529382006720763,0.0259068357557608
