time,inclusion,skipping,full_IR,first_IR,second_IR
100000000,0.486107294529103,0.231911483054376,0.243523607294529,0.0245680323091015,0.0138895828128903
