time,inclusion,skipping,full_IR,first_IR,second_IR
100000000,0.691310324706702,0.018530355968827,0.219261358859003,0.0164809950391891,0.0544169654262782
