time,inclusion,skipping,full_IR,first_IR,second_IR
100000000,0.426115572231879,0.315068199518424,0.204328064027829,0.0352026489768796,0.0192855152449885
