time,inclusion,skipping,full_IR,first_IR,second_IR
100000000,0.591530731441435,0.215181383738024,0.0946283424058129,0.0900946354342379,0.00856490698049037
