time,inclusion,skipping,full_IR,first_IR,second_IR
100000000,0.464898666291939,0.226464006241729,0.241270284044791,0.0526656333697574,0.0147014100517837
