time,inclusion,skipping,full_IR,first_IR,second_IR
100000000,0.265833774308771,0.449653351964546,0.251077978237862,0.0231935854610398,0.0102413100277815
