time,inclusion,skipping,full_IR,first_IR,second_IR
100000000,0.823197779733078,0.0210726902510963,0.108531644980048,0.0281866976364607,0.0190111873993169
