time,inclusion,skipping,full_IR,first_IR,second_IR
100000000,0.707067474853219,0.0837248008244075,0.151532933874623,0.0401397730630154,0.0175350173847348
