time,inclusion,skipping,full_IR,first_IR,second_IR
100000000,0.490653290165591,0.0891654465592972,0.366499288557111,0.0328470088466377,0.0208349658713629
