time,inclusion,skipping,full_IR,first_IR,second_IR
100000000,0.163602692455073,0.335482711500981,0.468142001493513,0.0302668802617676,0.00250571428866531
