time,inclusion,skipping,full_IR,first_IR,second_IR
100000000,0.492663697026614,0.21632429211609,0.218396373754045,0.0530566296818994,0.0195590074213511
