time,inclusion,skipping,full_IR,first_IR,second_IR
100000000,0.449002344328243,0.261792611082035,0.242559003056608,0.0346477468744871,0.0119982946586272
