time,inclusion,skipping,full_IR,first_IR,second_IR
100000000,0.745129525400488,0.0411985624692846,0.143157471094671,0.0299044005670844,0.0406100404684716
