time,inclusion,skipping,full_IR,first_IR,second_IR
100000000,0.347361177443292,0.373134696267082,0.236266157235514,0.0316679248383634,0.0115700442157482
