time,inclusion,skipping,full_IR,first_IR,second_IR
100000000,0.100028975242265,0.557434363027591,0.327854866230965,0.00269630726634687,0.0119854882328322
