time,inclusion,skipping,full_IR,first_IR,second_IR
100000000,0.439589006161617,0.198191824546105,0.297125264274961,0.0376710074943032,0.0274228975230135
