time,inclusion,skipping,full_IR,first_IR,second_IR
100000000,0.335824725531393,0.425197485425565,0.212943857789546,0.018408930467953,0.00762500078554266
