time,inclusion,skipping,full_IR,first_IR,second_IR
100000000,0.84557331233009,0.0525186107370614,0.0667872659366346,0.0255026804542798,0.0096181305419345
