time,inclusion,skipping,full_IR,first_IR,second_IR
100000000,0.787441029959317,0.0216776405896497,0.122306654356935,0.0365862814126432,0.0319883936814553
