time,inclusion,skipping,full_IR,first_IR,second_IR
100000000,0.454216334921314,0.21465706728355,0.246918171038876,0.05522384918157,0.0289845775746891
