time,inclusion,skipping,full_IR,first_IR,second_IR
100000000,0.450484288094429,0.273076731791016,0.227905521340175,0.0335665321076583,0.0149669266667219
