time,inclusion,skipping,full_IR,first_IR,second_IR
100000000,0.00455180490313353,0.952676093683617,0.0419505267418538,0.000281223603900571,0.000540351067494669
