time,inclusion,skipping,full_IR,first_IR,second_IR
100000000,0.334068321004839,0.297436987125398,0.338477220514779,0.0223627184689262,0.00765475288605843
