time,inclusion,skipping,full_IR,first_IR,second_IR
100000000,0.408110125858705,0.268530441451393,0.274731835722553,0.0287937133708855,0.0198338835964629
