time,inclusion,skipping,full_IR,first_IR,second_IR
100000000,0.453490486771293,0.271853705470399,0.221846644335192,0.0262318632964224,0.026577300126694
