time,inclusion,skipping,full_IR,first_IR,second_IR
100000000,0.748806897645515,0.0433801099487332,0.150171267088089,0.0410526077293671,0.0165891175882957
