time,inclusion,skipping,full_IR,first_IR,second_IR
100000000,0.00688872414939032,0.870807535979959,0.120674863876888,0.000619647741506685,0.00100922825225594
