time,inclusion,skipping,full_IR,first_IR,second_IR
100000000,0.490163476489086,0.205526651453501,0.251823423208773,0.038889082876151,0.013597365972489
