time,inclusion,skipping,full_IR,first_IR,second_IR
100000000,0.463240313231587,0.162022890318343,0.30595637765824,0.0471200187534143,0.0216604000384156
