time,inclusion,skipping,full_IR,first_IR,second_IR
100000000,0.4966191846735,0.209847222751019,0.254797506089172,0.0211400000205802,0.0175960864657283
