time,inclusion,skipping,full_IR,first_IR,second_IR
100000000,0.771021137430288,0.0201847916305627,0.10728535480216,0.0497946252937725,0.051714090843217
