time,inclusion,skipping,full_IR,first_IR,second_IR
100000000,0.759397709013632,0.0556958482351112,0.146041569481159,0.0142663142072254,0.0245985590628725
