time,inclusion,skipping,full_IR,first_IR,second_IR
100000000,0.307588958175752,0.399509224738128,0.259986027970888,0.0261598899573719,0.00675589915786019
