time,inclusion,skipping,full_IR,first_IR,second_IR
100000000,0.613441846670454,0.127016905359145,0.105038430410544,0.153594965088397,0.000907852471459954
