time,inclusion,skipping,full_IR,first_IR,second_IR
100000000,0.308464678950722,0.406052381262219,0.239884037853977,0.0362180311428799,0.00938087079020126
