time,inclusion,skipping,full_IR,first_IR,second_IR
100000000,0.407137709048367,0.203602032753548,0.332319270528136,0.0276012242256201,0.029339763444329
