time,inclusion,skipping,full_IR,first_IR,second_IR
100000000,0.724998608887048,0.0529746116733955,0.154168289631778,0.0442178132528755,0.0236406765549036
