time,inclusion,skipping,full_IR,first_IR,second_IR
100000000,0.60631947303417,0.120317002881844,0.212844792095513,0.0411692054343351,0.0193495265541375
