time,inclusion,skipping,full_IR,first_IR,second_IR
100000000,0.172876814881571,0.588188444567409,0.215415787664196,0.0147418123081367,0.00877714057868708
