time,inclusion,skipping,full_IR,first_IR,second_IR
100000000,0.801228839082721,0.0238953326829822,0.112347814800017,0.0179407666706553,0.0445872467636244
