time,inclusion,skipping,full_IR,first_IR,second_IR
100000000,0.473283663883898,0.24484410267313,0.234423426036108,0.0328524293066953,0.0145963781001694
