time,inclusion,skipping,full_IR,first_IR,second_IR
100000000,0.192224461630817,0.451732951556572,0.321153540683774,0.0275007168628842,0.00738832926595304
