time,inclusion,skipping,full_IR,first_IR,second_IR
100000000,0.143517624871874,0.593490941634418,0.249544526942844,0.00898868981691273,0.00445821673395109
