time,inclusion,skipping,full_IR,first_IR,second_IR
100000000,0.0828924470448198,0.543735885556987,0.358283025869326,0.011906242579799,0.00318239894906825
