time,inclusion,skipping,full_IR,first_IR,second_IR
100000000,0.0403347710002054,0.786420209488601,0.167773670158143,0.0040593551037174,0.00141199424933251
