time,inclusion,skipping,full_IR,first_IR,second_IR
100000000,0.0373480676461081,0.816044707092514,0.140579736660751,0.00463394949920006,0.00139353910142647
