time,inclusion,skipping,full_IR,first_IR,second_IR
100000000,0.413815197153013,0.369663846609961,0.186366737522885,0.0198975475164151,0.0102566711977262
