time,inclusion,skipping,full_IR,first_IR,second_IR
100000000,0.295500007093305,0.476571825796528,0.203547463332678,0.0131682146961127,0.0112124890813764
