time,inclusion,skipping,full_IR,first_IR,second_IR
100000000,0.449864642111251,0.158808850579008,0.344667480474832,0.028298518121764,0.0183605087131451
