time,inclusion,skipping,full_IR,first_IR,second_IR
100000000,0.456415276129588,0.266027823369624,0.228444670156789,0.0321565005667268,0.0169557297772717
