time,inclusion,skipping,full_IR,first_IR,second_IR
100000000,0.505196586663076,0.161508651159659,0.300537331268725,0.0252108089002592,0.00754662200828088
