time,inclusion,skipping,full_IR,first_IR,second_IR
100000000,0.414968302608752,0.114867576243981,0.376654790278386,0.0677146667315207,0.0257946641373608
