time,inclusion,skipping,full_IR,first_IR,second_IR
100000000,0.237021328989048,0.0242493744575155,0.579559133734318,0.00178275792243578,0.157387404896682
