time,inclusion,skipping,full_IR,first_IR,second_IR
100000000,0.40876284213164,0.294649128932742,0.256343530358984,0.0308344664122545,0.00941003216437928
