time,inclusion,skipping,full_IR,first_IR,second_IR
100000000,0.0495804428197566,0.601813234744319,0.3271870975782,0.016406347360113,0.00501287749761143
