time,inclusion,skipping,full_IR,first_IR,second_IR
100000000,0.796413057865162,0.0165008162168449,0.100507979672791,0.033655408088368,0.052922738156834
