time,inclusion,skipping,full_IR,first_IR,second_IR
100000000,0.404671144372522,0.284604283252446,0.272243907092678,0.0224037526666301,0.0160769126157231
