time,inclusion,skipping,full_IR,first_IR,second_IR
100000000,0.787563457772017,0.00317866565880542,0.0521855765606529,0.139249177603707,0.0178231224048172
