time,inclusion,skipping,full_IR,first_IR,second_IR
100000000,0.510455934083412,0.122885110725078,0.325134727044763,0.0160329830808858,0.0254912450658608
