time,inclusion,skipping,full_IR,first_IR,second_IR
100000000,0.71173925673853,0.0455979084099351,0.182849168966447,0.0373103977756106,0.0225032681094765
