time,inclusion,skipping,full_IR,first_IR,second_IR
100000000,0.304175969603158,0.397187182445783,0.254666024151844,0.0276267673866874,0.0163440564125274
