time,inclusion,skipping,full_IR,first_IR,second_IR
100000000,0.465820345302476,0.210272790635182,0.247377901313359,0.057719760841087,0.0188092019078969
