time,inclusion,skipping,full_IR,first_IR,second_IR
100000000,0.377074324554935,0.350449538257552,0.229332254951747,0.0302963860082058,0.0128474962275606
