time,inclusion,skipping,full_IR,first_IR,second_IR
100000000,0.453136872306411,0.289567262979375,0.207773340384534,0.0335742493409762,0.0159482749887039
