time,inclusion,skipping,full_IR,first_IR,second_IR
100000000,0.0202635679430642,0.815043909184256,0.161160708332436,0.000190797997236506,0.003341016543007
