time,inclusion,skipping,full_IR,first_IR,second_IR
100000000,0.0103142860619729,0.862810158725008,0.124393068507709,0.000592227220547851,0.00189025948476232
