time,inclusion,skipping,full_IR,first_IR,second_IR
100000000,0.558252040030327,0.226622812198084,0.180912806938375,0.0209388934823012,0.0132734473509135
