time,inclusion,skipping,full_IR,first_IR,second_IR
100000000,0.424098557936634,0.156607390422292,0.366675204397338,0.0258794878987832,0.0267393593449528
