time,inclusion,skipping,full_IR,first_IR,second_IR
100000000,0.723283321247872,0.091945582831583,0.138788629345674,0.0301427035042408,0.0158397630706307
