time,inclusion,skipping,full_IR,first_IR,second_IR
100000000,0.473067086850682,0.0745683009321807,0.336089765092926,0.0970998480731136,0.0191749990510981
