time,inclusion,skipping,full_IR,first_IR,second_IR
100000000,0.749172937872076,0.0542708341863265,0.143133951309788,0.034888100950712,0.0185341756810979
