time,inclusion,skipping,full_IR,first_IR,second_IR
100000000,0.782894836975547,0.0156596419986464,0.118187528094106,0.059972989070822,0.0232850038608785
