time,inclusion,skipping,full_IR,first_IR,second_IR
100000000,0.739164917001034,0.0471996333612667,0.147391424613993,0.0409447275778265,0.0252992974458795
