time,inclusion,skipping,full_IR,first_IR,second_IR
100000000,0.505258776929448,0.0483059152527083,0.400139618989823,0.0282292785737131,0.0180664102543075
