time,inclusion,skipping,full_IR,first_IR,second_IR
100000000,0.0239251150899354,0.637899416905118,0.321122285180041,0.0143462140018966,0.00270696882300913
