time,inclusion,skipping,full_IR,first_IR,second_IR
100000000,0.746839684425356,0.0487566887000315,0.151183404916385,0.0252378486500756,0.0279823733081523
