time,inclusion,skipping,full_IR,first_IR,second_IR
100000000,0.730604238226894,0.0321781147799812,0.170435773226127,0.0373076060039009,0.0294742677630971
