time,inclusion,skipping,full_IR,first_IR,second_IR
100000000,0.383660974249902,0.258165899188469,0.311038263778471,0.0377382451937969,0.00939661758936131
