time,inclusion,skipping,full_IR,first_IR,second_IR
100000000,0.454653449081323,0.239401204367758,0.263566591885662,0.0279653577424008,0.0144133969228558
