time,inclusion,skipping,full_IR,first_IR,second_IR
100000000,0.743853901968588,0.0769280225331415,0.151334333445591,0.0190327485738195,0.00885099347885987
