time,inclusion,skipping,full_IR,first_IR,second_IR
100000000,0.733625901969413,0.033150076055789,0.14848059221036,0.0545702797687583,0.0301731499956798
