time,inclusion,skipping,full_IR,first_IR,second_IR
100000000,0.392658050214055,0.395230783310792,0.168926875400401,0.0339905835934878,0.00919370748126379
