time,inclusion,skipping,full_IR,first_IR,second_IR
100000000,0.366620859087258,0.342533878094323,0.22041251471286,0.0197034216002251,0.0507293265053336
