time,inclusion,skipping,full_IR,first_IR,second_IR
100000000,0.474913333067688,0.212338837309335,0.25129681112688,0.0442177600544369,0.0172332584416606
