time,inclusion,skipping,full_IR,first_IR,second_IR
100000000,0.735549870537255,0.103445176195386,0.109507091004147,0.0325547659441688,0.0189430963190425
