time,inclusion,skipping,full_IR,first_IR,second_IR
100000000,0.459705771607717,0.211394034395541,0.288304124681788,0.0273590658688517,0.0132370034461025
