time,inclusion,skipping,full_IR,first_IR,second_IR
100000000,0.460089360560292,0.240495560053167,0.247245444088287,0.0397795939253124,0.012390041372941
