time,inclusion,skipping,full_IR,first_IR,second_IR
100000000,0.40485468287282,0.189981601281975,0.329773996614963,0.0567628079841022,0.0186269112461396
