time,inclusion,skipping,full_IR,first_IR,second_IR
100000000,0.101236412170043,0.506588177911926,0.352180022101748,0.01203861581428,0.0279567720020041
