time,inclusion,skipping,full_IR,first_IR,second_IR
100000000,0.389148386360487,0.217279882288686,0.332166613680272,0.0353531339414541,0.0260519837291009
