time,inclusion,skipping,full_IR,first_IR,second_IR
100000000,0.356111900596646,0.28893973517748,0.297486699876361,0.0471622127711968,0.0102994515783155
