time,inclusion,skipping,full_IR,first_IR,second_IR
100000000,0.520903643360998,0.0489041333619167,0.370218152492369,0.0166620729080534,0.0433119978766627
