time,inclusion,skipping,full_IR,first_IR,second_IR
100000000,0.199148119685166,0.0346448070963238,0.620117635831211,0.00227435970847209,0.143815077678827
