time,inclusion,skipping,full_IR,first_IR,second_IR
100000000,0.473242382761432,0.220287001861052,0.243479910382413,0.0461838185910352,0.0168068864040687
