time,inclusion,skipping,full_IR,first_IR,second_IR
100000000,0.354437504669253,0.231550949355106,0.377391297228536,0.0294922820443807,0.00712796670272439
