time,inclusion,skipping,full_IR,first_IR,second_IR
100000000,0.440974694327727,0.199692167135138,0.300309890571178,0.0468776364362173,0.01214561152974
