time,inclusion,skipping,full_IR,first_IR,second_IR
100000000,0.785364995602463,0.0161407211961302,0.132153285588642,0.0497771076768438,0.0165638899359216
