time,inclusion,skipping,full_IR,first_IR,second_IR
100000000,0.770305111478545,0.0376361406136782,0.139197013011166,0.032585332738483,0.0202764021581279
