time,inclusion,skipping,full_IR,first_IR,second_IR
100000000,0.840171850826521,0.00474451557676371,0.0788121813337866,0.0389335616043323,0.0373378906585962
