time,inclusion,skipping,full_IR,first_IR,second_IR
100000000,0.392024642968702,0.143352717953265,0.40529250638909,0.0372314597845596,0.0220986729043838
