time,inclusion,skipping,full_IR,first_IR,second_IR
100000000,0.437424279764654,0.296526136813133,0.221054419162371,0.032623124985762,0.0123720392740798
