time,inclusion,skipping,full_IR,first_IR,second_IR
100000000,0.786087133446934,0.0696680993921514,0.101654670769857,0.0217075714031384,0.0208825249879193
