time,inclusion,skipping,full_IR,first_IR,second_IR
100000000,0.378600695016971,0.338261296099837,0.246539174296609,0.0228893085400392,0.0137095260465439
