time,inclusion,skipping,full_IR,first_IR,second_IR
100000000,0.389836967241641,0.262942603422583,0.301498554732721,0.0293256555337885,0.0163962190692665
