time,inclusion,skipping,full_IR,first_IR,second_IR
100000000,0.456941496084189,0.0868177642786832,0.382926408243033,0.0374144347608078,0.0358998966332865
