time,inclusion,skipping,full_IR,first_IR,second_IR
100000000,0.00403700843440997,0.86806281136904,0.12539963758789,0.000193824861066945,0.00230671774759359
