time,inclusion,skipping,full_IR,first_IR,second_IR
100000000,0.515494942972866,0.0417506449224514,0.295890318881435,0.00476015402774821,0.142103939195499
