time,inclusion,skipping,full_IR,first_IR,second_IR
100000000,0.388499385681345,0.288712491755732,0.217682214839784,0.0975674200750597,0.00753848764807925
