time,inclusion,skipping,full_IR,first_IR,second_IR
100000000,0.468633040288077,0.185253240086923,0.289468610110843,0.0229002621252469,0.0337448473889094
