time,inclusion,skipping,full_IR,first_IR,second_IR
100000000,0.506164112482047,0.165107022783653,0.246309488836663,0.0472626158767463,0.0351567600208905
