time,inclusion,skipping,full_IR,first_IR,second_IR
100000000,0.0621462132028325,0.754387804293907,0.172753315715303,0.00874425795098405,0.0019684088369736
