time,inclusion,skipping,full_IR,first_IR,second_IR
100000000,0.524212023467859,0.0606882889289615,0.347143473954233,0.0272989104208468,0.0406573032281005
