time,inclusion,skipping,full_IR,first_IR,second_IR
100000000,0.407264973229367,0.192042816858179,0.214900080872249,0.149099753546617,0.0366923754935883
