time,inclusion,skipping,full_IR,first_IR,second_IR
100000000,0.671881108300097,0.0244342131648616,0.107858527465449,0.181806304727837,0.0140198463417549
