time,inclusion,skipping,full_IR,first_IR,second_IR
100000000,0.746099509617137,0.0402650304004241,0.134675121353192,0.055292324514173,0.0236680141150743
