time,inclusion,skipping,full_IR,first_IR,second_IR
100000000,0.108506204607273,0.0121737126918168,0.627540055704854,0.00336431219185959,0.248415714804197
