time,inclusion,skipping,full_IR,first_IR,second_IR
100000000,0.5545439053235,0.0670898966836944,0.315995548693353,0.0412331022815,0.0211375470179531
