time,inclusion,skipping,full_IR,first_IR,second_IR
100000000,0.253131683940505,0.495229837879053,0.202783901253698,0.0418374322190144,0.00701714470772829
