time,inclusion,skipping,full_IR,first_IR,second_IR
100000000,0.451167440406829,0.2863535416464,0.211050996479362,0.0377956373887253,0.0136323840786835
