time,inclusion,skipping,full_IR,first_IR,second_IR
100000000,0.798251683829099,0.0755061723340226,0.0951952013429689,0.0255798718447397,0.00546707064916986
