time,inclusion,skipping,full_IR,first_IR,second_IR
100000000,0.709131557567902,0.0582180389437334,0.18962340413951,0.0187451239696078,0.0242818753792468
