time,inclusion,skipping,full_IR,first_IR,second_IR
100000000,0.0378644391726009,0.852169859204104,0.106030318594483,0.00194246470011877,0.00199291832869328
