time,inclusion,skipping,full_IR,first_IR,second_IR
100000000,0.803124658913131,0.00761204829992198,0.0993346026818018,0.0481008283105134,0.0418278617946324
