time,inclusion,skipping,full_IR,first_IR,second_IR
100000000,0.482057075384491,0.19790995290193,0.278808115454112,0.0291076493762647,0.0121172068832027
