time,inclusion,skipping,full_IR,first_IR,second_IR
100000000,0.475667160859896,0.236846223540071,0.232527180627625,0.0391287785190676,0.0158306564533399
