time,inclusion,skipping,full_IR,first_IR,second_IR
100000000,0.035883406103686,0.7512710030824,0.207693901030953,0.00282809721763633,0.00232359256532412
