time,inclusion,skipping,full_IR,first_IR,second_IR
100000000,0.443784953125465,0.106243127446783,0.396388848676004,0.0207149406098464,0.0328681301419019
