time,inclusion,skipping,full_IR,first_IR,second_IR
100000000,0.408079287104646,0.206171775591029,0.304717549541478,0.0529185631338193,0.0281128246290287
