time,inclusion,skipping,full_IR,first_IR,second_IR
100000000,0.386936276204918,0.316888926967388,0.25423763805033,0.0313246122100543,0.0106125465673093
