time,inclusion,skipping,full_IR,first_IR,second_IR
100000000,0.707450463133587,0.0780349210789333,0.159209125257906,0.0354356150902021,0.019869875439372
