time,inclusion,skipping,full_IR,first_IR,second_IR
100000000,0.362684410194749,0.358212407619075,0.241227654313784,0.028428266140418,0.00944726173197367
