time,inclusion,skipping,full_IR,first_IR,second_IR
100000000,0.767039338150139,0.0373729262347188,0.117814458782847,0.0499856638650832,0.0277876129672126
