time,inclusion,skipping,full_IR,first_IR,second_IR
100000000,0.223980605715622,0.500535172469874,0.255647772147653,0.0123663974710178,0.00747005219583348
