time,inclusion,skipping,full_IR,first_IR,second_IR
100000000,0.463287596290085,0.209659589770174,0.310275620923135,0.0152609347322524,0.00151625828435375
