time,inclusion,skipping,full_IR,first_IR,second_IR
100000000,0.775254302803434,0.0300351955079953,0.116782967815437,0.0501627537941978,0.0277647800789356
