time,inclusion,skipping,full_IR,first_IR,second_IR
100000000,0.478908198820917,0.206896302812,0.262468071239934,0.0361922871871446,0.0155351399400044
