time,inclusion,skipping,full_IR,first_IR,second_IR
100000000,0.0150887467755253,0.796191658162088,0.185148184806634,0.000976445308293118,0.00259496494745965
