time,inclusion,skipping,full_IR,first_IR,second_IR
100000000,0.526175300127396,0.0851643905536121,0.327120187898631,0.0233099289985518,0.0382301924218092
