time,inclusion,skipping,full_IR,first_IR,second_IR
100000000,0.529875379819917,0.223770994668578,0.196571654021495,0.034109945859524,0.0156720256304856
