time,inclusion,skipping,full_IR,first_IR,second_IR
100000000,0.32041262263366,0.434373573733677,0.199326903270366,0.0224193919713071,0.0234675083909898
