time,inclusion,skipping,full_IR,first_IR,second_IR
100000000,0.437099023997476,0.210410143745676,0.299533906474071,0.0295460614014559,0.0234108643813204
