time,inclusion,skipping,full_IR,first_IR,second_IR
100000000,0.00516418034036735,0.871579134449445,0.122164068251197,0.000212060592780044,0.000880556366210467
