time,inclusion,skipping,full_IR,first_IR,second_IR
100000000,0.0407277401989585,0.872463680782577,0.0797089440937646,0.00175356664005182,0.00534606828464826
