time,inclusion,skipping,full_IR,first_IR,second_IR
100000000,0.781379092489007,0.0230173780645738,0.125565124827707,0.0415269619519013,0.0285114426668102
