time,inclusion,skipping,full_IR,first_IR,second_IR
100000000,0.489277373139677,0.0757364424743083,0.395688551060758,0.00284049838020325,0.0364571349450532
