time,inclusion,skipping,full_IR,first_IR,second_IR
100000000,0.726886063772983,0.0643568694744822,0.155823167127933,0.036098011323108,0.016835888301493
