time,inclusion,skipping,full_IR,first_IR,second_IR
100000000,0.0116135176614033,0.837694847670523,0.148004359492309,0.00158628094461059,0.00110099423115419
