time,inclusion,skipping,full_IR,first_IR,second_IR
100000000,0.330803146883375,0.375328393655379,0.262541001530724,0.0218756197905807,0.00945183813994172
