time,inclusion,skipping,full_IR,first_IR,second_IR
100000000,0.781907298490799,0.0261619238468796,0.130386241022296,0.0337257384438612,0.0278187981961646
