time,inclusion,skipping,full_IR,first_IR,second_IR
100000000,0.716206258679088,0.0508708551751702,0.162067710975491,0.0455037842103375,0.0253513909599135
