time,inclusion,skipping,full_IR,first_IR,second_IR
100000000,0.00710251539838682,0.880760432135395,0.111276784802679,0.000611588644466841,0.000248679019072468
