time,inclusion,skipping,full_IR,first_IR,second_IR
100000000,0.494836305125932,0.120985617180573,0.323065461530884,0.0321355859849604,0.0289770301776508
