time,inclusion,skipping,full_IR,first_IR,second_IR
100000000,0.451993000274358,0.240774326666879,0.250482695408151,0.0410375870470139,0.0157123906035979
