time,inclusion,skipping,full_IR,first_IR,second_IR
100000000,0.836008281623732,0.00902365398340844,0.0836108364723033,0.0311308985844813,0.040226329336075
