time,inclusion,skipping,full_IR,first_IR,second_IR
100000000,0.506069106995915,0.159070306283661,0.259838707822346,0.0560465746062582,0.018975304291819
