time,inclusion,skipping,full_IR,first_IR,second_IR
100000000,0.542863275819773,0.224172050044975,0.177034099272222,0.0387654346226184,0.0171651402404121
