time,inclusion,skipping,full_IR,first_IR,second_IR
100000000,0.190802913848809,0.0212488210150308,0.70473701109751,0.000141478196303506,0.0830697758423471
