time,inclusion,skipping,full_IR,first_IR,second_IR
100000000,0.717219298156311,0.0623820334531239,0.146317204027406,0.050209209280544,0.0238722550826148
