time,inclusion,skipping,full_IR,first_IR,second_IR
100000000,0.392816533599638,0.323782992916193,0.239961530692909,0.0345885414370419,0.00885040135421804
