time,inclusion,skipping,full_IR,first_IR,second_IR
100000000,0.800612380361005,0.0375738073316387,0.105086549961612,0.038886050962363,0.0178412113833821
