time,inclusion,skipping,full_IR,first_IR,second_IR
100000000,0.504306049277565,0.0947912257169524,0.341450378175475,0.0273194167478439,0.0321329300821633
