time,inclusion,skipping,full_IR,first_IR,second_IR
100000000,0.170054498024124,0.571966836273472,0.229799829532247,0.0225626985561898,0.00561613761396802
