time,inclusion,skipping,full_IR,first_IR,second_IR
100000000,0.479164423497949,0.212607274737152,0.245090408672013,0.0456580969930772,0.017479796099809
