time,inclusion,skipping,full_IR,first_IR,second_IR
100000000,0.772414058980842,0.0237126601439012,0.125653865976244,0.0467871795600177,0.0314322353389958
