time,inclusion,skipping,full_IR,first_IR,second_IR
100000000,0.492764274356268,0.201656728829117,0.24850418499282,0.0434441622356691,0.0136306495861262
