time,inclusion,skipping,full_IR,first_IR,second_IR
100000000,0.351748713641516,0.0332241321667088,0.47435845164026,0.0576843100959774,0.0829843924555381
