time,inclusion,skipping,full_IR,first_IR,second_IR
100000000,0.795084656311067,0.0117931977446719,0.11845464789536,0.0391177567351131,0.0355497413137877
