time,inclusion,skipping,full_IR,first_IR,second_IR
100000000,0.315851905475981,0.401499560473654,0.23700811831015,0.038232587000362,0.00740782873985211
