time,inclusion,skipping,full_IR,first_IR,second_IR
100000000,0.134121002654324,0.517013555829616,0.296812273836894,0.0166445895948477,0.0354085780843192
