time,inclusion,skipping,full_IR,first_IR,second_IR
100000000,0.397669317135043,0.208418522096655,0.336079117808656,0.0237796645826482,0.0340533783769983
