time,inclusion,skipping,full_IR,first_IR,second_IR
100000000,0.379562293293945,0.310056233368999,0.245092139239995,0.0496094530893136,0.0156798810077467
