time,inclusion,skipping,full_IR,first_IR,second_IR
100000000,0.476433263692049,0.254181617212981,0.203410817985036,0.0531112488119811,0.012863052297953
