time,inclusion,skipping,full_IR,first_IR,second_IR
100000000,0.615458187824256,0.0155612665217269,0.19926036513569,0.118473189492001,0.0512469910263263
