time,inclusion,skipping,full_IR,first_IR,second_IR
100000000,0.41433159525044,0.0664681741369599,0.459271512722909,0.0497956165271005,0.0101331013625904
