time,inclusion,skipping,full_IR,first_IR,second_IR
100000000,0.735769167090796,0.0323207361667249,0.156102257188234,0.0508782042241286,0.0249296353301161
