time,inclusion,skipping,full_IR,first_IR,second_IR
100000000,0.401093144927446,0.325853428367724,0.235747439662931,0.0281070654286421,0.00919892161325659
