time,inclusion,skipping,full_IR,first_IR,second_IR
100000000,0.00522755165379071,0.864632595417223,0.129027822989096,0.0002598106314106,0.000852219308479127
