time,inclusion,skipping,full_IR,first_IR,second_IR
100000000,0.474106972379416,0.305351868929179,0.162870647594828,0.0384815382052917,0.0191889728912848
