time,inclusion,skipping,full_IR,first_IR,second_IR
100000000,0.0360942033107685,0.84160382111773,0.118063964308062,0.00266247064273118,0.00157554062070815
