time,inclusion,skipping,full_IR,first_IR,second_IR
100000000,0.761531474487226,0.0455574414196443,0.131151620101108,0.0310092025222477,0.0307502614697737
