time,inclusion,skipping,full_IR,first_IR,second_IR
100000000,0.428448933315389,0.0317986614953568,0.421205836891668,0.0155832609431523,0.102963307354435
