time,inclusion,skipping,full_IR,first_IR,second_IR
100000000,0.726229688020473,0.00850267740244161,0.14129600165847,0.0359700791094178,0.0880015538091975
