time,inclusion,skipping,full_IR,first_IR,second_IR
100000000,0.0323944430207918,0.876151486241856,0.0558775068721255,0.033313470806717,0.00226309305851006
