time,inclusion,skipping,full_IR,first_IR,second_IR
100000000,0.479864040919245,0.115282655558684,0.341085494341546,0.0376589802657943,0.0261088289147317
