time,inclusion,skipping,full_IR,first_IR,second_IR
100000000,0.452084505197097,0.24421311579383,0.248166174007343,0.0379169192347162,0.0176192857670149
