time,inclusion,skipping,full_IR,first_IR,second_IR
100000000,0.283045830891319,0.300831735320915,0.308340733642346,0.10438052860748,0.00340117153793973
