time,inclusion,skipping,full_IR,first_IR,second_IR
100000000,0.535535299410787,0.227609136617133,0.1855640229178,0.0317666736145356,0.0195248674397442
