time,inclusion,skipping,full_IR,first_IR,second_IR
100000000,0.37233229171891,0.360890227213874,0.231255802147165,0.031858457803357,0.00366322111669391
