time,inclusion,skipping,full_IR,first_IR,second_IR
100000000,0.498104630046284,0.0139757167652353,0.403467713422474,0.000282246400102854,0.0841696933659038
