time,inclusion,skipping,full_IR,first_IR,second_IR
100000000,0.55244657673561,0.223899185163443,0.178924010599903,0.0275684301477124,0.0171617973533315
