time,inclusion,skipping,full_IR,first_IR,second_IR
100000000,0.464464171337691,0.2383417544564,0.244623708764004,0.0391362338695742,0.0134341315723304
