time,inclusion,skipping,full_IR,first_IR,second_IR
100000000,0.109772416146285,0.605288364693259,0.270808753098651,0.010595023247592,0.00353544281421248
