time,inclusion,skipping,full_IR,first_IR,second_IR
100000000,0.160069463057042,0.557055688779613,0.255329327509009,0.0221648645177081,0.00538065613662821
