time,inclusion,skipping,full_IR,first_IR,second_IR
100000000,0.45691743739901,0.0202020510751538,0.381005650339163,0.00481694979491286,0.13705791139176
