time,inclusion,skipping,full_IR,first_IR,second_IR
100000000,0.587245718781959,0.234000443602737,0.125651980605929,0.0374472970843658,0.0156545599250091
