time,inclusion,skipping,full_IR,first_IR,second_IR
100000000,0.449007841675915,0.0594889949207326,0.413433730547702,0.0329686575990538,0.0451007752565962
