time,inclusion,skipping,full_IR,first_IR,second_IR
100000000,0.0306977247474419,0.00727391499939384,0.837864835430178,0.120234007656647,0.00392951716633921
