time,inclusion,skipping,full_IR,first_IR,second_IR
100000000,0.494108808743394,0.210690487339265,0.26078387988124,0.0185334026273406,0.0158834214087609
