time,inclusion,skipping,full_IR,first_IR,second_IR
100000000,0.0695138812277878,0.74018746127206,0.179659493126661,0.00796880525658646,0.00267035911690502
