time,inclusion,skipping,full_IR,first_IR,second_IR
100000000,0.732151865840945,0.0302062915732384,0.167515091472544,0.0384039530674744,0.0317227980457977
