time,inclusion,skipping,full_IR,first_IR,second_IR
100000000,0.504308761130669,0.122637102265267,0.288767909067685,0.0584295896422817,0.0258566378940962
