time,inclusion,skipping,full_IR,first_IR,second_IR
100000000,0.0881349227528311,0.727951618355137,0.173661975221046,0.00451772713430427,0.00573375653668129
