time,inclusion,skipping,full_IR,first_IR,second_IR
100000000,0.3528306136238,0.35133289654184,0.263246043283307,0.0229028889662374,0.00968755758481604
