time,inclusion,skipping,full_IR,first_IR,second_IR
100000000,0.475151470439057,0.242201052736202,0.221475244714545,0.0442304953311344,0.0169417367790617
