time,inclusion,skipping,full_IR,first_IR,second_IR
100000000,0.847413385384936,0.00402210857087889,0.11000677365569,0.020419165036714,0.0181385673517812
