time,inclusion,skipping,full_IR,first_IR,second_IR
100000000,0.473224172942961,0.0771231010461918,0.396628537644912,0.0369956044520988,0.016028583913837
