time,inclusion,skipping,full_IR,first_IR,second_IR
100000000,0.501652006139545,0.229597005019715,0.207756209919845,0.0471499811991839,0.0138447977217109
