time,inclusion,skipping,full_IR,first_IR,second_IR
100000000,0.484597207347963,0.124802141074182,0.316453467061736,0.0512692662889344,0.022877918227184
