time,inclusion,skipping,full_IR,first_IR,second_IR
100000000,0.725482520569395,0.0738853277725087,0.121741248832674,0.0486919187239531,0.0301989841014691
