time,inclusion,skipping,full_IR,first_IR,second_IR
100000000,0.435264195239193,0.165171877121039,0.332753517043547,0.0334199374724429,0.0333904731237787
