time,inclusion,skipping,full_IR,first_IR,second_IR
100000000,0.717650442392739,0.0783273635377647,0.152796385919181,0.031290032821217,0.0199357753290983
